Contract,n_functions,n_protected_functions,minimal_raw_function_coverage,minimal_raw_valid_ratio,minimal_raw_test_cases,minimal_raw_category_diversity,minimal_raw_negative_case_rate,minimal_raw_protected_function_coverage,strong_raw_function_coverage,strong_raw_valid_ratio,strong_raw_test_cases,strong_raw_category_diversity,strong_raw_negative_case_rate,strong_raw_protected_function_coverage,strong_purified_function_coverage,strong_purified_valid_ratio,strong_purified_test_cases,strong_purified_category_diversity,strong_purified_negative_case_rate,strong_purified_protected_function_coverage,strong_preprocessed_function_coverage,strong_preprocessed_valid_ratio,strong_preprocessed_test_cases,strong_preprocessed_category_diversity,strong_preprocessed_negative_case_rate,strong_preprocessed_protected_function_coverage,autotestai_no_preprocess_function_coverage,autotestai_no_preprocess_valid_ratio,autotestai_no_preprocess_test_cases,autotestai_no_preprocess_category_diversity,autotestai_no_preprocess_negative_case_rate,autotestai_no_preprocess_protected_function_coverage,autotestai_full_function_coverage,autotestai_full_valid_ratio,autotestai_full_test_cases,autotestai_full_category_diversity,autotestai_full_negative_case_rate,autotestai_full_protected_function_coverage
M27_01,11,2,0.0,0.0,16.0,0.0,0.0,0.0,0.0,0.0,8.0,0.0,0.0,0.0,72.73,100.0,13.0,1.0,23.08,100.0,90.91,100.0,10.0,1.0,10.0,100.0,63.64,100.0,11.0,2.0,27.27,100.0,36.36,100.0,10.0,2.0,30.0,0.0
M27_02,8,0,0.0,0.0,24.0,0.0,0.0,0.0,0.0,0.0,10.0,0.0,0.0,0.0,75.0,100.0,10.0,2.0,50.0,0.0,75.0,100.0,10.0,2.0,50.0,0.0,100.0,100.0,9.0,2.0,0.0,0.0,100.0,100.0,9.0,1.0,22.22,0.0
M27_03,2,0,0.0,0.0,7.0,0.0,0.0,0.0,0.0,0.0,5.0,0.0,0.0,0.0,100.0,50.0,4.0,1.0,0.0,0.0,100.0,100.0,4.0,2.0,50.0,0.0,100.0,100.0,4.0,2.0,50.0,0.0,100.0,100.0,4.0,2.0,50.0,0.0
M27_04,1,0,0.0,0.0,29.0,0.0,0.0,0.0,0.0,0.0,3.0,0.0,0.0,0.0,100.0,100.0,3.0,3.0,33.33,0.0,100.0,100.0,3.0,2.0,0.0,0.0,100.0,100.0,4.0,3.0,50.0,0.0,100.0,100.0,3.0,2.0,0.0,0.0
M27_05,10,0,0.0,0.0,34.0,0.0,0.0,0.0,0.0,0.0,5.0,0.0,0.0,0.0,50.0,100.0,5.0,1.0,0.0,0.0,50.0,100.0,5.0,2.0,0.0,0.0,50.0,100.0,14.0,3.0,35.71,0.0,90.0,100.0,21.0,2.0,57.14,0.0
M27_06,1,0,0.0,0.0,12.0,0.0,0.0,0.0,0.0,0.0,6.0,0.0,0.0,0.0,100.0,100.0,6.0,2.0,16.67,0.0,100.0,100.0,6.0,2.0,16.67,0.0,100.0,100.0,8.0,3.0,37.5,0.0,100.0,100.0,6.0,3.0,33.33,0.0
M27_07,7,0,0.0,0.0,9.0,0.0,0.0,0.0,0.0,0.0,9.0,0.0,0.0,0.0,100.0,100.0,9.0,1.0,0.0,0.0,100.0,100.0,9.0,2.0,11.11,0.0,71.43,100.0,32.0,1.0,0.0,0.0,71.43,77.78,9.0,2.0,14.29,0.0
M27_08,5,0,0.0,0.0,10.0,0.0,0.0,0.0,0.0,100.0,5.0,1.0,0.0,0.0,100.0,100.0,5.0,1.0,0.0,0.0,100.0,100.0,5.0,1.0,0.0,0.0,100.0,100.0,13.0,3.0,38.46,0.0,100.0,100.0,10.0,2.0,0.0,0.0
M27_09,1,0,0.0,0.0,5.0,0.0,0.0,0.0,0.0,0.0,5.0,0.0,0.0,0.0,100.0,100.0,4.0,3.0,25.0,0.0,100.0,100.0,3.0,3.0,33.33,0.0,100.0,100.0,6.0,3.0,50.0,0.0,100.0,100.0,7.0,2.0,71.43,0.0
M27_10,1,0,0.0,0.0,10.0,0.0,0.0,0.0,0.0,0.0,1.0,0.0,0.0,0.0,100.0,100.0,2.0,2.0,50.0,0.0,100.0,100.0,2.0,2.0,50.0,0.0,100.0,100.0,3.0,2.0,33.33,0.0,100.0,100.0,2.0,2.0,50.0,0.0
M27_11,13,0,0.0,0.0,25.0,0.0,0.0,0.0,0.0,0.0,13.0,0.0,0.0,0.0,100.0,100.0,13.0,1.0,0.0,0.0,100.0,100.0,13.0,1.0,0.0,0.0,100.0,100.0,13.0,1.0,0.0,0.0,46.15,46.15,13.0,1.0,0.0,0.0
M27_12,1,0,0.0,0.0,34.0,0.0,0.0,0.0,0.0,0.0,3.0,0.0,0.0,0.0,100.0,100.0,3.0,3.0,33.33,0.0,100.0,100.0,3.0,2.0,66.67,0.0,100.0,100.0,3.0,2.0,33.33,0.0,100.0,100.0,6.0,3.0,50.0,0.0
M27_13,1,0,0.0,0.0,7.0,0.0,0.0,0.0,0.0,0.0,3.0,0.0,0.0,0.0,100.0,100.0,4.0,3.0,25.0,0.0,100.0,66.67,3.0,2.0,0.0,0.0,100.0,100.0,5.0,3.0,80.0,0.0,100.0,100.0,5.0,3.0,60.0,0.0
M27_14,2,0,0.0,0.0,5.0,0.0,0.0,0.0,0.0,0.0,3.0,0.0,0.0,0.0,100.0,100.0,4.0,1.0,0.0,0.0,100.0,100.0,3.0,1.0,0.0,0.0,100.0,100.0,4.0,2.0,50.0,0.0,100.0,100.0,5.0,2.0,0.0,0.0
M27_15,5,0,0.0,0.0,10.0,0.0,0.0,0.0,0.0,0.0,8.0,0.0,0.0,0.0,100.0,100.0,8.0,2.0,12.5,0.0,100.0,100.0,8.0,2.0,0.0,0.0,40.0,100.0,5.0,3.0,60.0,0.0,100.0,100.0,10.0,2.0,0.0,0.0
M27_16,5,2,0.0,0.0,6.0,0.0,0.0,0.0,0.0,0.0,7.0,0.0,0.0,0.0,40.0,71.43,7.0,3.0,60.0,100.0,40.0,100.0,7.0,3.0,42.86,100.0,40.0,100.0,6.0,2.0,0.0,100.0,100.0,100.0,5.0,2.0,0.0,100.0
M27_17,4,1,0.0,0.0,10.0,0.0,0.0,0.0,0.0,0.0,4.0,0.0,0.0,0.0,100.0,100.0,6.0,2.0,16.67,100.0,100.0,100.0,4.0,1.0,0.0,100.0,50.0,57.14,7.0,3.0,25.0,100.0,100.0,100.0,8.0,2.0,50.0,100.0
M27_18,1,1,0.0,0.0,17.0,0.0,0.0,0.0,0.0,0.0,2.0,0.0,0.0,0.0,100.0,100.0,2.0,1.0,0.0,100.0,100.0,100.0,2.0,1.0,0.0,100.0,100.0,100.0,4.0,3.0,50.0,100.0,100.0,100.0,3.0,3.0,66.67,100.0
M27_19,2,0,0.0,0.0,13.0,0.0,0.0,0.0,0.0,0.0,4.0,0.0,0.0,0.0,100.0,100.0,4.0,3.0,50.0,0.0,100.0,100.0,4.0,2.0,50.0,0.0,100.0,100.0,4.0,3.0,75.0,0.0,100.0,100.0,5.0,3.0,60.0,0.0
M27_20,17,6,0.0,0.0,38.0,0.0,0.0,0.0,0.0,0.0,18.0,0.0,0.0,0.0,94.12,100.0,18.0,1.0,0.0,100.0,94.12,100.0,18.0,1.0,0.0,100.0,100.0,100.0,24.0,1.0,0.0,100.0,23.53,26.92,26.0,1.0,0.0,50.0
M27_21,13,0,0.0,0.0,17.0,0.0,0.0,0.0,0.0,0.0,20.0,0.0,0.0,0.0,76.92,100.0,12.0,1.0,16.67,0.0,76.92,100.0,12.0,1.0,16.67,0.0,61.54,100.0,11.0,2.0,27.27,0.0,76.92,100.0,15.0,2.0,33.33,0.0
M27_22,5,0,0.0,0.0,7.0,0.0,0.0,0.0,0.0,0.0,10.0,0.0,0.0,0.0,100.0,100.0,10.0,1.0,0.0,0.0,80.0,80.0,10.0,1.0,0.0,0.0,80.0,100.0,11.0,1.0,0.0,0.0,100.0,90.91,11.0,1.0,0.0,0.0
M27_23,3,0,0.0,0.0,26.0,0.0,0.0,0.0,0.0,0.0,6.0,0.0,0.0,0.0,100.0,100.0,6.0,1.0,33.33,0.0,100.0,100.0,6.0,2.0,33.33,0.0,100.0,100.0,5.0,3.0,20.0,0.0,100.0,100.0,6.0,2.0,50.0,0.0
M27_24,4,0,0.0,0.0,14.0,0.0,0.0,0.0,0.0,0.0,6.0,0.0,0.0,0.0,75.0,100.0,6.0,2.0,33.33,0.0,75.0,100.0,6.0,2.0,33.33,0.0,50.0,100.0,5.0,2.0,0.0,0.0,100.0,100.0,4.0,1.0,0.0,0.0
M27_25,8,0,0.0,0.0,12.0,0.0,0.0,0.0,0.0,0.0,13.0,0.0,0.0,0.0,87.5,100.0,13.0,1.0,0.0,0.0,87.5,100.0,13.0,1.0,0.0,0.0,87.5,100.0,21.0,1.0,0.0,0.0,100.0,100.0,12.0,1.0,0.0,0.0
M27_26,2,0,0.0,0.0,7.0,0.0,0.0,0.0,0.0,0.0,5.0,0.0,0.0,0.0,100.0,100.0,5.0,2.0,20.0,0.0,100.0,100.0,5.0,2.0,20.0,0.0,100.0,100.0,5.0,2.0,20.0,0.0,100.0,100.0,4.0,2.0,25.0,0.0
M27_27,2,0,0.0,0.0,6.0,0.0,0.0,0.0,0.0,0.0,5.0,0.0,0.0,0.0,100.0,100.0,4.0,2.0,50.0,0.0,100.0,100.0,4.0,3.0,25.0,0.0,100.0,100.0,7.0,3.0,42.86,0.0,100.0,100.0,6.0,3.0,33.33,0.0
